Teh Kian Chong      2802199435,jalan hulubalang 28, taman sentosa, klang      0162031910darkfiremoon28@gmail.com        1200015darkfire  darkfire28R001      E001  
Maggie              1205199235,jalan hubung 23    , taman hubung , puchong    0169248452maggie@gmail.com                0900014maggie    maggie19  R004      E002
Jelly               1102199502,jalan kucing 20    , taman kucing , kuching    0129848763jelly@hotmail.com               1500015jelly     jelly23   R003      E003
Alan                2009199401,jalan api 11       , taman api    , selangor   0187843911alan@hotmail.com                0900015alan      alan33    R004      E004
Lily                0403199595,jalan air 44       , taman air    , kajang     0129389716lily@gmail.com                  1000015lily      lily12    R002      E005
Genie               0104199243,jalan mewar 14     , taman mewar  , tapah      0198487861genie@hotmail.com               1000016genie     genie15   R002      E006
Francis             0101199012,jalan hitam 59     , taman hitam  , kl         0122847835francis@gmail.com               1200015francis   francis09 R001      E007
Rainie              0103199162,jalan merah 77     , taman merah  , penang     0189247911rainie@hotmail.com              0900015rainie    rainie84  R004      E008
Larry               0102199349,jalan biru 24      , taman biru   , kl         0184728371larry@hotmail.com               0900015larry     larry29   R004      E009
Belle               0108199082,jalan hijau 29     , taman hijau  , subang     0148735823belle@gmail.com                 0900015belle     belle12   R004      E010